                  epoch,         train/box_loss,         train/cls_loss,         train/dfl_loss,   metrics/precision(B),      metrics/recall(B),       metrics/mAP50(B),    metrics/mAP50-95(B),           val/box_loss,           val/cls_loss,           val/dfl_loss,                 lr/pg0,                 lr/pg1,                 lr/pg2
                      1,                 1.1625,                  8.785,                 1.6083,                0.92957,                0.05734,                0.11801,                0.07413,                 1.6786,                 5.6868,                  2.049,             8.3172e-05,             8.3172e-05,             8.3172e-05
                      2,                 1.0396,                 7.9292,                 1.4759,                0.83141,                0.11796,                0.17865,                0.12857,                 1.9922,                 5.5615,                 2.1815,             0.00013354,             0.00013354,             0.00013354
                      3,                 1.0777,                 6.5402,                 1.4805,                0.66071,                0.17811,                0.20021,                0.13836,                 2.1867,                 5.4592,                 2.4785,              0.0001509,              0.0001509,              0.0001509
                      4,                 1.0212,                 5.6044,                 1.4304,                0.58311,                0.18108,                0.22502,                0.16107,                 2.1509,                 5.1798,                 2.2701,              0.0001015,              0.0001015,              0.0001015
                      5,                0.94841,                 4.9097,                 1.3733,                 0.5336,                0.19265,                0.23596,                0.18377,                 2.1309,                 5.0935,                 2.3609,                5.2e-05,                5.2e-05,                5.2e-05
